,words,count
131,fat,2044
101,and,1859
304,cooked,1780
604,lean,1510
603,separable,1457
244,raw,1387
32,to,1189
11,with,1137
98,beef,1108
596,trimmed,995
608,only,831
239,salt,602
243,meat,541
265,canned,498
614,boneless,491
309,roasted,441
21,pork,429
334,steak,421
598,loin,397
30,frozen,385
357,chicken,377
49,prepared,373
22,dry,363
305,boiled,363
135,without,357
240,added,347
1094,choice,344
496,all,340
333,round,338
90,or,332
537,drained,329
420,fresh,315
221,whole,300
2235,lamb,297
1990,imported,289
63,cheese,282
395,beverages,280
339,roast,266
288,skin,259
1091,grades,255
260,fish,253
594,seeds,249
250,braised,247
1100,select,247
31,ready,243
45,chocolate,239
234,in,228
332,top,228
539,water,221
84,white,216
119,milk,210
154,mix,210
458,broiled,205
981,new,193
599,shoulder,193
462,cereals,193
370,beans,192
233,fried,190
764,soup,190
454,bone,189
982,zealand,185
613,rib,182
126,oil,175
521,solids,174
137,from,171
1106,chuck,165
376,grilled,160
419,turkey,160
341,of,159
14,foods,157
399,low,157
452,juice,157
609,blade,154
128,regular,152
120,candies,150
938,mature,150
97,snacks,147
78,cream,141
340,eye,140
1442,fast,139
607,ham,137
549,includes,135
85,wheat,134
183,nuts,133
146,rice,129
200,free,126
59,corn,126
175,light,123
138,dried,122
1812,fryers,122
463,eat,121
60,bread,119
140,reduced,118
597,leg,117
1811,broilers,117
457,cured,116
397,drink,115
1989,australian,115
245,alaska,115
377,sirloin,114
37,plain,113
522,liquids,113
624,products,112
394,sauce,112
62,sweet,112
214,pizza,112
108,fruit,111
643,ribs,111
1948,veal,110
246,native,109
33,heat,107
621,variety,107
449,vitamin,107
623,by,106
124,butter,105
274,ground,105
55,flour,104
622,meats,102
207,cookies,101
157,bar,98
299,red,97
139,potatoes,94
406,dressing,92
520,pack,92
232,unprepared,92
349,on,91
443,sodium,90
1955,quaker,90
404,sugar,90
768,mixed,89
68,pan,88
20,for,88
18,recipe,88
54,enriched,87
40,crust,87
418,sausage,85
42,type,85
301,beverage,85
174,vanilla,84
642,style,84
197,instant,84
204,grain,83
447,powder,83
416,salad,83
372,egg,82
212,baked,81
620,retail,81
6,flavor,81
610,chops,79
502,syrup,77
644,tenderloin,77
551,food,77
388,vegetable,75
129,no,75
506,green,75
1103,lip,74
615,arm,74
595,composite,74
179,serve,72
342,yellow,71
171,yogurt,71
473,alcoholic,70
217,sandwich,70
53,made,69
1343,breast,69
442,tomato,69
653,shank,68
75,crackers,67
326,half,66
172,ice,66
612,center,65
236,french,65
601,cuts,65
354,restaurant,65
1041,margarine,64
400,calorie,64
1834,game,63
550,usda,63
17,original,63
168,unsweetened,62
769,species,62
651,solution,62
459,dark,62
1197,unenriched,61
1096,end,61
1101,short,61
652,heated,60
48,commercially,60
123,peanut,59
547,volume,59
136,potato,58
1114,bottom,58
67,cake,57
553,program,57
552,distribution,57
486,soy,55
1451,equal,54
412,mars,53
147,brown,53
39,pie,53
115,soft,53
302,squash,51
639,unheated,51
415,spread,50
1097,12,50
105,chips,50
195,puddings,49
383,lemon,49
822,nonfat,48
1597,hydrogenated,48
944,off,48
1843,condensed,48
1215,fortified,47
910,cut,47
261,salmon,47
919,tip,47
750,10,47
573,calcium,46
410,topping,46
413,snackfood,46
414,us,46
1967,oatmeal,46
1218,industrial,46
682,home,45
1642,mcdonald,45
515,stewed,45
523,sweetened,45
422,patty,45
199,gluten,44
635,extra,44
1111,pot,44
455,drumstick,44
1090,brisket,43
1214,protein,43
1775,spices,42
510,bottled,42
1666,14,42
1095,small,42
275,tea,42
249,liver,41
1075,coconut,41
519,heavy,41
371,chinese,40
111,granola,40
149,seed,40
509,concentrate,40
656,natural,40
181,orange,39
1469,meal,39
191,table,39
353,lettuce,39
1453,malt,38
188,strawberry,38
1310,wine,38
1659,thigh,38
141,sour,38
1319,peas,38
121,honey,37
10,rolls,37
7,refrigerated,37
35,toasted,36
1658,breading,36
785,pasta,36
47,apple,36
9,cinnamon,36
264,smoked,36
1035,peppers,35
453,wing,35
427,fluid,35
396,flavored,35
531,pineapple,34
441,bacon,34
425,tofu,34
466,bran,34
1113,large,34
319,wild,34
2024,carbonated,33
1051,hot,33
940,immature,33
943,kernels,33
542,acid,32
654,slice,32
499,mollusks,32
392,italian,32
1817,back,32
611,roasts,32
142,onion,32
789,black,32
585,cranberry,31
1115,clod,31
832,coffee,31
641,country,31
1126,cereal,31
926,sprouted,31
751,crispy,31
649,tender,31
670,filling,31
917,cap,31
134,peanuts,31
2210,soymilk,30
337,partially,30
430,like,30
159,cherry,30
262,king,30
497,flavors,30
1109,flat,30
379,plate,30
1107,under,30
1754,greek,29
113,hard,29
626,simmered,29
1641,filet,28
3,buttermilk,28
1118,skirt,28
2532,silk,28
424,mayonnaise,28
472,breaded,28
196,banana,28
144,salted,28
325,rump,27
28,muffins,27
464,post,27
760,leaves,27
438,lowfat,27
173,creams,27
918,petite,27
487,breakfast,27
148,sesame,27
477,oat,27
103,based,27
114,almond,27
657,juices,26
1824,broth,26
352,taco,26
1317,soybean,26
2099,crustaceans,26
76,snack,26
100,chopped,26
1234,gravy,26
363,bean,26
937,kidney,26
2089,atlantic,25
829,greens,25
541,ascorbic,25
1068,oyster,25
913,product,25
1000,winter,24
208,creme,24
1814,neck,24
1119,outside,24
1838,rotisserie,24
958,mushrooms,24
1668,pepperoni,24
1224,80,24
590,grape,24
112,bars,24
343,northern,24
259,flesh,24
841,oats,23
485,non,23
313,stew,23
1016,snap,23
1664,thin,23
569,blend,23
995,summer,23
979,spinach,23
830,pasteurized,23
986,pumpkin,23
1503,shortening,23
586,ocean,23
8,dough,22
493,blueberry,22
322,removed,22
1146,cocoa,22
861,uncooked,22
1554,onions,22
544,grapefruit,22
451,vitamins,22
1134,crunch,22
1657,kfc,22
448,high,22
875,peach,22
56,chip,22
1813,giblets,22
813,sliced,21
36,microwaved,21
890,not,21
1481,biscuit,21
1024,cabbage,21
166,roll,21
461,palm,21
391,vegetables,21
570,apples,21
169,liquid,21
1117,inside,21
132,cakes,21
403,novelties,21
587,spray,21
1816,classes,21
1842,parts,21
2064,v8,20
295,navajo,20
807,noodles,20
970,types,20
2239,chop,20
1298,stick,20
812,american,20
859,dehydrated,20
946,cowpeas,20
194,chunky,20
2034,cola,20
378,macaroni,20
1422,loaf,20
1060,grass,20
710,unsalted,20
91,filled,20
748,classic,19
939,lima,19
666,hamburger,19
876,pear,19
2231,vitasoy,19
1039,mashed,19
393,spaghetti,19
118,coated,19
1065,chili,19
1270,double,19
512,pears,19
150,tortilla,19
1092,fed,19
1997,ribeye,19
1846,noodle,19
2026,energy,19
545,pink,18
799,shrimp,18
1299,tub,18
224,pancakes,18
1648,burger,18
1102,porterhouse,18
706,cheddar,18
818,diet,18
1424,mock,18
1093,flank,18
2305,ostrich,18
900,heart,18
1249,pacific,18
1336,sulfured,18
125,popcorn,18
1394,mushroom,18
314,steamed,18
1667,hut,18
293,blue,18
619,steaks,18
2244,frenched,18
1624,single,18
1020,broccoli,18
817,commercial,17
1755,chobani,17
1578,cottonseed,17
296,cornmeal,17
823,than,17
356,latino,17
241,processing,17
1627,tuna,17
106,barbecue,17
1029,carrots,17
831,process,17
117,raisin,17
2103,moist,17
978,mustard,17
190,syrups,17
185,covered,17
2422,archway,17
679,usa,17
2214,firm,17
985,oven,17
167,baking,17
1226,cheeseburger,16
538,apricots,16
1623,condiments,16
536,cherries,16
494,cocktail,16
1228,seasoning,16
1414,formulated,16
439,milkfat,16
1084,sunflower,16
1836,domesticated,16
27,english,16
1993,wagyu,16
1818,broiler,16
182,fudge,16
1112,prime,16
44,cracker,16
1996,score,16
2027,caffeine,16
1994,aust,16
1995,marble,16
41,cookie,16
1005,kernel,16
1055,tomatoes,16
16,bake,16
860,moisture,16
13,kraft,16
1961,grits,16
133,caramel,16
1841,bird,16
2065,splash,16
778,hind,16
1847,clam,15
1276,family,15
156,candy,15
802,sticks,15
2243,bison,15
358,entree,15
355,mexican,15
231,hash,15
617,boston,15
411,substitute,15
407,bologna,15
1195,long,15
4,biscuits,15
1507,brewed,15
838,sweetener,15
1456,multigrain,15
1082,almonds,15
161,nestle,15
871,peaches,15
426,frankfurter,15
1344,crumbles,15
177,desserts,14
2013,frosting,14
344,plains,14
1962,quick,14
863,raisins,14
2236,foreshank,14
300,berry,14
2054,whiskey,14
1080,chestnuts,14
1399,pepper,14
2252,rack,14
267,duck,14
2040,decaffeinated,14
345,indians,14
994,soybeans,14
1182,rye,14
1806,smart,14
489,mozzarella,14
655,broil,14
744,organic,14
1660,mild,14
1153,frostings,14
1015,pinto,14
350,the,14
1311,cooking,14
630,leaf,14
1651,burrito,13
1104,70,13
237,as,13
478,flakes,13
2066,drinks,13
1644,wendy,13
933,gourd,13
1154,tapioca,13
2146,knuckle,13
1815,batter,13
1606,breyers,13
1007,taro,13
1653,popeyes,13
1116,tri,13
1120,beer,13
1633,lunch,13
1632,school,13
905,tongue,13
405,creamy,13
1147,european,13
2522,farmed,12
2303,emu,12
86,bagels,12
1277,hand,12
834,swiss,12
1025,common,12
2100,crab,12
1438,nut,12
152,ranch,12
19,coating,12
201,dinner,12
2198,roasting,12
945,cob,12
2199,stewing,12
930,asparagus,12
942,tap,12
483,plus,12
235,canola,12
1615,85,12
1099,full,12
1638,subway,12
324,caribou,12
2056,proof,12
1110,america,12
729,starch,12
1924,fully,12
382,denny,12
401,aspartame,12
423,link,12
767,young,12
437,cottage,12
450,other,12
1188,rising,12
1173,maple,12
1999,15,12
1108,denver,12
468,size,12
2018,standard,12
2035,lemonade,12
484,imitation,12
43,graham,11
213,parmesan,11
899,brain,11
1203,bleached,11
947,blackeyes,11
513,plums,11
1839,bbq,11
1433,special,11
1665,chain,11
883,varieties,11
1269,applebee,11
1081,japanese,11
1165,snickers,11
828,turnip,11
1516,poultry,11
1732,tossed,11
1848,chowder,11
1280,thick,11
1650,bell,11
1008,shoots,11
1640,sub,11
1626,submarine,11
1944,salami,11
338,elk,11
560,nectar,11
616,picnic,11
1247,herring,11
1255,turnips,11
186,baby,11
1613,60,11
1963,minute,11
1227,lasagna,10
839,less,10
1191,medium,10
1172,lite,10
741,wafers,10
850,mackerel,10
842,sweeteners,10
1328,ripe,10
1045,pickles,10
964,lower,10
972,root,10
906,strips,10
718,hershey,10
1030,cauliflower,10
1216,25,10
808,garden,10
936,pods,10
327,sockeye,10
104,extruded,10
2238,fore,10
1459,crunchy,10
2232,nasoya,10
1517,skim,10
2207,gram,10
1828,goose,10
225,seaweed,10
2057,soda,10
251,seal,10
2050,distilled,10
574,smoothie,10
2048,punch,10
270,sea,10
2021,toast,10
318,blueberries,10
1669,domino,10
361,con,10
1707,glazed,10
1709,apricot,10
364,queso,10
374,barrel,10
375,fries,10
381,menu,10
465,shredded,10
1852,pea,10
618,butt,10
408,dessert,10
634,pickled,10
71,pastry,10
38,microwave,10
645,hormel,9
69,de,9
1580,defatted,9
263,chinook,9
269,winged,9
271,cucumber,9
533,tropical,9
281,deer,9
284,whale,9
674,muffin,9
1202,purpose,9
1423,point,9
2314,mother,9
491,olive,9
783,trout,9
368,spanish,9
1377,danish,9
471,meatless,9
1421,browned,9
469,yeast,9
1164,marshmallow,9
15,shake,9
456,whey,9
1819,skinless,9
827,coleslaw,9
840,bunches,9
1468,barley,9
143,pretzels,9
2300,propionate,9
636,approximately,9
1013,mung,9
2280,doughnuts,9
874,oranges,9
160,bites,9
1289,great,9
984,purchased,9
687,contains,9
89,custard,9
787,pudding,8
1863,pesto,8
1853,split,8
999,zucchini,8
2306,93,8
1017,beets,8
29,waffles,8
94,fry,8
110,pieces,8
1129,toppings,8
2608,square,8
398,powdered,8
2251,slow,8
2367,chewy,8
50,deep,8
1928,bouillon,8
2049,nutrients,8
904,pancreas,8
2047,citrus,8
2088,cod,8
897,raspberry,8
1003,succotash,8
2128,little,8
2170,frying,8
2215,sulfate,8
290,whitefish,8
858,lime,8
335,shoshone,8
336,bannock,8
2227,silken,8
170,squares,8
1933,cubed,8
1932,campbell,8
1004,limas,8
1412,grated,8
1617,90,8
671,toaster,8
1662,digiorno,8
1652,supreme,8
1647,dairy,8
561,mango,8
1,golden,8
1341,seasoned,8
1526,edible,8
1441,big,8
632,spleen,8
1523,sundae,8
1273,friday,8
1487,bear,8
1279,rings,8
1281,fillet,8
631,lungs,8
1292,pecan,8
629,kidneys,8
1302,saccharin,8
1448,brand,8
672,frosted,8
1306,luncheon,8
1387,celery,8
667,nabisco,8
1372,broadbeans,7
896,100,7
2289,leavening,7
987,radishes,7
711,buckwheat,7
373,assorted,7
1148,gelatin,7
2290,agents,7
369,refried,7
480,valley,7
1334,purple,7
1271,tenders,7
638,patties,7
2133,side,7
2109,eastern,7
902,mechanically,7
2317,oscar,7
226,canadian,7
1905,spice,7
2528,chickpeas,7
470,extract,7
2318,mayer,7
584,real,7
409,whipped,7
765,homemade,7
2264,stuffing,7
2263,sourdough,7
2530,bengal,7
1014,navy,7
696,puffs,7
116,uncoated,7
1287,marinara,7
997,straightneck,7
2247,soaked,7
996,crookneck,7
1150,rennin,7
1283,meatballs,7
93,tortillas,7
2529,garbanzo,7
380,kid,7
73,guava,7
74,pastries,7
518,raspberries,7
1089,unspecified,7
1992,seam,7
1974,fiber,7
2000,20,7
734,wafer,7
286,subcutaneous,7
2342,figs,7
1186,degermed,7
1539,california,7
323,eggs,7
2037,coca,7
928,artichokes,7
966,lentils,7
1636,rolled,7
803,nuggets,7
2043,cran,7
1085,cashew,7
2044,higher,7
51,dish,7
1929,england,7
911,pre,7
500,scallop,7
1230,thighs,7
1991,external,7
1663,stuffed,7
967,stir,7
784,acorn,7
1187,self,7
957,kale,6
963,bulb,6
2361,marathon,6
1001,butternut,6
2417,malted,6
974,yam,6
2359,97,6
1381,harvest,6
2504,pollock,6
2334,time,6
1330,super,6
2271,dietary,6
2307,drumsticks,6
2523,rainbow,6
2333,cook,6
1437,crisp,6
2331,ralston,6
1346,yardlong,6
1825,pate,6
1040,granules,6
1308,vegetarian,6
1680,au,6
1559,podded,6
1239,beluga,6
1612,cacao,6
1223,vermicelli,6
2038,company,6
2020,incomplete,6
1998,95,6
1209,semolina,6
1418,pistachio,6
1949,bratwurst,6
1207,51,6
1192,parboiled,6
2267,coffeecake,6
1697,safflower,6
1904,poppy,6
1885,goat,6
1183,kellogg,6
1713,cone,6
1738,southern,6
1176,bite,6
1169,yolk,6
1158,mills,6
1135,reese,6
1820,pigeon,6
2052,rum,6
2053,vodka,6
1542,florida,6
2060,zero,6
2265,cornbread,6
1449,cocoavia,6
1286,ravioli,6
1022,brussels,6
1023,sprouts,6
2246,chump,6
1032,collards,6
1033,hyacinth,6
2200,capons,6
2180,uses,6
2179,principal,6
1046,dill,6
2147,medallion,6
2143,pockets,6
1056,sun,6
2129,caesars,6
1268,masa,6
1260,hopi,6
2104,may,6
1258,steller,6
1257,lion,6
1076,desiccated,6
2081,bass,6
0,pillsbury,6
1362,okra,6
935,tips,6
934,leafy,6
384,general,6
593,seedless,6
724,bits,6
600,spareribs,6
567,pulp,6
428,cultured,6
650,teriyaki,6
688,garlic,6
877,undiluted,6
546,diluted,6
702,oriental,6
886,plantains,6
153,trail,6
514,prunes,6
826,mini,6
252,bearded,6
253,oogruk,6
815,deli,6
814,prepackaged,6
810,grill,6
801,catfish,6
572,chilled,6
66,pound,6
360,pupusas,6
776,chum,6
348,corned,6
775,hominy,6
331,range,6
297,melon,6
316,coho,6
582,potassium,6
476,puffed,6
315,halibut,6
932,bitter,6
192,blends,6
210,farm,6
929,globe,6
931,balsam,6
2226,nu,5
193,pancake,5
1752,oils,5
1592,walnuts,5
821,yogurts,5
1866,basil,5
1087,lightly,5
921,16,5
1219,sorghum,5
1363,par,5
2051,gin,5
809,carrabba,5
203,multi,5
1851,stock,5
1604,slim,5
1850,minestrone,5
242,moose,5
2045,alcohol,5
2521,channel,5
837,pop,5
2525,adzuki,5
2225,mori,5
843,tabletop,5
209,pepperidge,5
1062,fava,5
12,icing,5
2531,crowder,5
417,roquefort,5
637,11,5
798,platter,5
794,tripe,5
1105,30,5
2347,grapes,5
759,pike,5
1524,quail,5
1166,molasses,5
1527,pheasant,5
311,lard,5
941,rinsed,5
308,mutton,5
1964,farina,5
303,indian,5
330,buffalo,5
2001,75,5
2002,salsa,5
1550,chicory,5
927,amaranth,5
1832,hens,5
492,fillings,5
2014,brownies,5
351,border,5
280,walrus,5
779,quarter,5
2030,b6,5
1911,vinegar,5
1200,germ,5
1350,ginger,5
2031,b12,5
2338,nature,5
1891,dannon,5
1725,50,5
1975,medleys,5
1049,pickle,5
1006,vacuum,5
685,arroz,5
1625,tartar,5
444,jams,5
445,preserves,5
893,sucralose,5
529,strawberries,5
1630,chick,5
864,seeded,5
1807,balance,5
2107,retain,5
1794,linoleic,5
556,puree,5
1419,strip,5
1417,pecans,5
211,goldfish,5
2242,rabbit,5
2223,smooth,5
490,cholesterol,5
1393,freeze,5
2106,additives,5
1034,lambsquarters,5
2105,contain,5
690,saltines,5
431,milky,5
165,caramels,5
1002,hubbard,5
508,peel,5
977,shiitake,5
176,rich,5
163,chews,5
648,always,5
971,lotus,5
505,turtle,5
127,popped,5
432,way,5
1798,oleic,5
1290,grains,4
740,hazelnut,4
145,confectioner,4
2250,netted,4
1201,crude,4
1357,portabella,4
64,quesadilla,4
2249,saddle,4
2122,lobster,4
151,nacho,4
2245,intermuscular,4
218,udi,4
2010,dip,4
2365,kashi,4
689,buns,4
2384,plan,4
1167,starburst,4
2383,slimfast,4
1170,sugars,4
1303,any,4
1175,skittles,4
2224,mineral,4
1497,lingcod,4
1504,hazelnuts,4
2358,striploin,4
2356,cube,4
2355,bolar,4
1396,packed,4
2354,sweetbread,4
1189,bolted,4
2357,shin,4
2321,polish,4
1208,remaining,4
1241,blackberries,4
189,twists,4
1465,precooked,4
1232,turnover,4
2259,trotter,4
238,packaged,4
2260,denuded,4
92,iced,4
2262,vienna,4
2069,fusion,4
2082,striped,4
2282,leavened,4
2332,life,4
95,shelf,4
1332,passion,4
628,feet,4
714,carob,4
2278,matzo,4
2276,pies,4
1250,agave,4
2093,drum,4
96,stable,4
2268,crumb,4
2296,pita,4
2108,surimi,4
660,weight,4
2299,melba,4
2253,flap,4
1282,browns,4
701,shell,4
1349,eggplant,4
2218,nigari,4
1376,butterbur,4
256,animal,4
2319,minced,4
2311,fashioned,4
1411,expressed,4
673,include,4
178,flan,4
2188,confection,4
2310,old,4
1278,battered,4
2254,tunnel,4
1340,styles,4
2255,boned,4
1275,oz,4
216,bakery,4
87,puff,4
206,glutino,4
321,bones,4
1856,ramen,4
1764,nutritional,4
2546,kielbasa,4
1833,cornish,4
1050,relish,4
2538,partly,4
1835,duckling,4
2536,creamer,4
1837,pekin,4
1765,supplement,4
1057,chile,4
5,artificial,4
844,fructose,4
2527,roman,4
1681,gratin,4
1605,98,4
1603,klondike,4
1602,pops,4
390,mein,4
908,backribs,4
2675,hindshank,4
1595,thymus,4
2676,heel,4
1759,evaporated,4
1086,macadamia,4
1088,tahini,4
1768,stabilized,4
1044,ultraviolet,4
1769,glucose,4
1043,exposed,4
993,flower,4
475,millet,4
540,pitted,4
1009,chrysanthemum,4
543,applesauce,4
1011,bamboo,4
873,mandarin,4
872,tangerines,4
1639,club,4
1808,omega,4
1809,bottle,4
2636,navel,4
2637,centre,4
2588,crayfish,4
524,rhubarb,4
1027,pak,4
435,cold,4
434,flaxseed,4
1821,gizzard,4
1037,tree,4
1621,nachos,4
1829,deboned,4
563,pomegranate,4
1867,sriracha,4
1793,household,4
1098,shortribs,4
481,abbott,4
1730,ultimate,4
1731,whopper,4
1562,scalloped,4
578,bolthouse,4
962,leeks,4
575,naked,4
328,kippered,4
1556,tops,4
1530,squab,4
347,apache,4
1552,coriander,4
1691,carrot,4
1744,part,4
2439,john,4
2438,papa,4
2437,croissant,4
2407,blanc,4
1966,boiling,4
1756,ounce,4
1579,glandless,4
914,spiral,4
2695,martha,4
924,96,4
965,portion,4
793,pigeonpeas,4
1525,total,4
579,farms,4
1577,breadfruit,4
2503,perch,4
34,waffle,4
1365,purslane,3
1701,flaked,3
1364,flowers,3
1792,island,3
1722,tony,3
2130,griddle,3
2131,mcgriddles,3
1661,parfait,3
1791,thousand,3
1728,mac,3
1702,filberts,3
498,except,3
2171,duty,3
1366,salsify,3
205,crisps,3
663,brands,3
1675,parsley,3
2132,mcmuffin,3
1385,cardoon,3
1388,chard,3
1384,tsai,3
1797,over,3
1678,poke,3
1383,pe,3
1677,pokeberry,3
2134,croissan,3
2135,wich,3
2140,franks,3
1371,tahitian,3
1389,chayote,3
479,health,3
1375,burdock,3
1390,yambean,3
1684,brien,3
1391,jicama,3
1386,celeriac,3
1392,dock,3
1753,lauric,3
511,prickly,3
1978,avocados,3
219,delicious,3
1649,premium,3
532,papaya,3
273,squirrel,3
277,herb,3
2033,limeade,3
1892,oikos,3
362,frijoles,3
1570,preserving,3
1569,waxgourd,3
1925,hen,3
1563,form,3
285,bowhead,3
1493,cranberries,3
1558,parsnips,3
346,smelt,3
2005,bull,3
1934,cubes,3
1935,bisque,3
1941,chunk,3
1943,beerwurst,3
1501,blanched,3
588,jellied,3
1545,persimmons,3
1960,kretschmer,3
2187,use,3
1511,house,3
1968,wheatena,3
312,tamales,3
1528,scrambled,3
1513,enchilada,3
1983,currants,3
1478,wonton,3
1888,per,3
1475,box,3
429,links,3
2113,jack,3
1643,pounder,3
1810,poppyseed,3
1415,decorticated,3
467,spoon,3
659,heinz,3
460,hearts,3
1631,fil,3
1622,bun,3
1522,replacement,3
222,van,3
2097,haddock,3
2094,freshwater,3
1447,ables,3
1887,grams,3
627,ears,3
2078,greater,3
1608,creamsicle,3
2068,kiwi,3
1460,kudos,3
2059,powerade,3
1849,manhattan,3
1596,pastrami,3
592,tart,3
1587,ginkgo,3
248,roots,3
1584,paste,3
1873,microwavable,3
2182,woks,3
1324,melons,3
1021,spears,3
1235,agutuk,3
835,pumpernickel,3
879,dates,3
762,fermented,3
1010,arrowhead,3
1012,fordhook,3
1236,alaskan,3
1018,beet,3
882,traditional,3
1019,borage,3
2496,gatorade,3
1233,salisbury,3
867,rose,3
1231,reheated,3
2295,crumbs,3
2397,smoothies,3
1077,creamed,3
1026,savoy,3
1251,southwest,3
2512,shark,3
2639,sunchips,3
988,rutabagas,3
845,jellies,3
52,unbaked,3
2638,fritolay,3
1144,gum,3
1352,calabash,3
720,york,3
1145,custards,3
992,sesbania,3
2635,thompson,3
2609,fan,3
2515,sturgeon,3
1157,dove,3
1028,choi,3
1141,musketeers,3
1185,olestra,3
2346,sections,3
1193,uncle,3
2554,control,3
1190,quinoa,3
2385,unilever,3
746,sage,3
758,octopus,3
2388,isolate,3
1168,fruits,3
58,shells,3
1052,dog,3
2369,bagel,3
2537,azumaya,3
754,arrowroot,3
852,plum,3
1036,sauteed,3
2309,healthy,3
1031,garland,3
1220,fleshed,3
1217,unbleached,3
733,kat,3
2320,spam,3
1072,wasabi,3
2327,bumpers,3
2390,gerolsteiner,3
2345,areas,3
736,marshmallows,3
2335,stove,3
2565,shortbread,3
25,bakeries,3
1199,spring,3
2343,gooseberries,3
716,semisweet,3
2272,sponge,3
2535,mocha,3
2499,liqueur,3
961,kohlrabi,3
2455,colby,3
2458,sugared,3
158,twizzlers,3
2237,kabob,3
1300,caesar,3
948,cress,3
922,72,3
107,cones,3
806,chow,3
956,potherb,3
2507,sablefish,3
1318,curd,3
955,jute,3
2465,muscle,3
1123,colada,3
2719,royal,3
1327,olives,3
2206,virginia,3
2471,sardine,3
953,towelgourd,3
2205,valencia,3
2204,mungo,3
1331,colossal,3
2203,mothbeans,3
2202,lupins,3
952,dishcloth,3
920,84,3
2195,refined,3
1348,dandelion,3
980,tendergreen,3
109,leather,3
1351,flowered,3
898,carcass,3
46,dutch,3
713,butterscotch,3
2426,selects,3
2720,catjang,3
708,including,3
1272,kids,3
707,pretzel,3
1274,fingers,3
2661,pinot,3
703,air,3
2197,flax,3
975,hawaii,3
1347,peeled,3
2684,croissants,3
1285,pomodoro,3
903,separated,3
675,dulce,3
907,13,3
2442,hotcakes,3
820,twix,3
973,mountain,3
2498,performance,2
23,george,2
1901,nutmeg,2
24,weston,2
2502,pout,2
2501,ling,2
402,pectin,2
1899,weed,2
1857,swanson,2
2505,pompano,2
2520,whiting,2
1854,jus,2
367,tamale,2
2511,shad,2
2513,snapper,2
2514,spot,2
2516,swordfish,2
2517,tilefish,2
2510,seatrout,2
1845,gumbo,2
1844,frankfurters,2
2509,contents,2
2518,bluefin,2
2508,can,2
1880,eggnog,2
2506,rockfish,2
2519,turbot,2
2185,pourable,2
2539,antelope,2
1750,whipping,2
1776,caraway,2
2659,cabernet,2
1774,blackberry,2
1773,lifeway,2
1772,kefir,2
2669,gewurztraminer,2
1761,shakes,2
2678,store,2
2691,baker,2
2697,mission,2
2701,horse,2
1751,pressurized,2
1748,ricotta,2
2647,tlc,2
1747,provolone,2
1741,breadstick,2
1739,wrap,2
482,ensure,2
2713,mullet,2
2715,sheepshead,2
2716,tilapia,2
1726,meatball,2
1724,4x6,2
1723,smartpizza,2
1720,groats,2
2723,beaver,2
2656,zevia,2
1779,curry,2
2540,beefalo,2
2589,abalone,2
2545,liverwurst,2
2552,mateys,2
1830,backs,2
2555,mom,2
2556,best,2
2558,bananas,2
2578,anchovy,2
2584,eel,2
2585,flatfish,2
2586,flounder,2
2587,sole,2
446,marmalade,2
2590,mussel,2
1784,savory,2
2591,roe,2
2592,scup,2
2593,wolffish,2
1802,walnut,2
2594,yellowtail,2
2595,roughy,2
2599,fuyu,2
2607,brains,2
2632,arizona,2
1790,russian,2
1787,mayo,2
1786,thyme,2
2497,pepsico,2
2412,sauvignon,2
2485,beat,2
102,formed,2
2098,greenland,2
2269,gingerbread,2
220,hearty,2
2101,dungeness,2
2102,queen,2
2266,angelfood,2
2261,cracked,2
2273,cheesecake,2
2258,buco,2
2257,osso,2
2256,cutlet,2
2110,squid,2
2111,whelk,2
2114,milkfish,2
2096,grouper,2
2092,mahimahi,2
1906,rosemary,2
2084,burbot,2
2287,hotdog,2
228,emi,2
2286,popovers,2
2083,bluefish,2
2284,meringue,2
2283,complete,2
2085,butterfish,2
2091,cusk,2
2086,carp,2
2087,cisco,2
2279,croutons,2
227,cultivated,2
223,totally,2
2090,croaker,2
2115,monkfish,2
2116,walleye,2
2117,sucker,2
2158,breakstone,2
2211,unfortified,2
2138,decker,2
2139,blended,2
2201,guinea,2
2156,cheez,2
2157,whiz,2
2166,spearmint,2
2118,sunfish,2
2196,buttery,2
2192,used,2
2191,coatings,2
2172,confectionery,2
2174,menhaden,2
2181,salads,2
2212,produced,2
2216,magnesium,2
2217,chloride,2
2219,koyadofu,2
2221,hummus,2
2230,tempeh,2
164,butterfinger,2
2233,shoyu,2
2234,hydrolyzed,2
155,joy,2
2240,muskrat,2
130,trans,2
2123,cuttlefish,2
2248,testes,2
2121,spiny,2
2120,yellowfin,2
2119,skipjack,2
2077,vault,2
2074,rockstar,2
2073,amp,2
2398,d2,2
2418,ovaltine,2
1957,fruity,2
1958,pebbles,2
2416,snapple,2
1965,minutes,2
2413,late,2
1969,microwaving,2
1976,acerola,2
2396,sparkling,2
2395,naturally,2
2393,co,2
2392,gmbh,2
1970,spooners,2
1971,blenders,2
1950,braunschweiger,2
2419,chamomile,2
2425,keebler,2
2443,mcflurry,2
2444,oreo,2
2445,mcchicken,2
1931,lentil,2
1930,consomme,2
2460,key,2
2464,velveeta,2
2466,cider,2
1926,basted,2
2473,40,2
2477,flaky,2
1922,linolenic,2
2478,similar,2
1907,tallow,2
2391,brunnen,2
2387,acai,2
2070,monster,2
2298,rind,2
2039,maid,2
2041,espresso,2
2330,dyno,2
258,horned,2
2055,86,2
81,la,2
2297,ladyfingers,2
1979,boysenberries,2
2291,acting,2
2063,bottles,2
229,tsunomata,2
2067,medley,2
88,eclair,2
2288,wrappers,2
2337,berries,2
2339,path,2
2019,macaroon,2
2017,naan,2
2016,roti,2
2015,chapati,2
2011,horseradish,2
2352,guavas,2
2353,manufacturing,2
61,salvadoran,2
291,broad,2
2360,94,2
2366,golean,2
307,down,2
310,frybread,2
2374,nos,2
2381,eas,2
1716,truffle,2
1831,necks,2
1320,litchis,2
1711,hi,2
640,tail,2
1435,alkali,2
1434,processed,2
1427,carb,2
1426,daiquiri,2
1420,crosscuts,2
1397,fennel,2
1379,pointed,2
1378,domestic,2
1370,convolvulus,2
1368,agar,2
677,item,2
1322,longans,2
1316,base,2
1443,break,2
1312,reconstituted,2
1305,sorbitol,2
1297,muenster,2
1293,gums,2
695,nougat,2
1291,date,2
697,cornnuts,2
698,crisped,2
704,skins,2
1266,klamath,2
1265,lily,2
1264,pond,2
1263,oregon,2
633,stomach,2
1444,nougats,2
1609,carbohydrate,2
583,concord,2
1583,acorns,2
1582,hulled,2
1576,excluding,2
1574,spirulina,2
1573,shallots,2
1566,waterchestnuts,2
1561,russet,2
1551,chives,2
1548,cassava,2
577,machine,2
580,boost,2
1518,dietetic,2
1512,classico,2
1506,herbal,2
1445,sunkist,2
1494,bush,2
589,ruby,2
1480,diced,2
1476,taquitos,2
1473,spelt,2
1472,khorasan,2
1471,kamut,2
1464,couscous,2
1463,cornstarch,2
1462,phosphorus,2
1452,packets,2
1450,granulated,2
625,chitterlings,2
1262,tuber,2
1261,wocas,2
717,fondant,2
1048,pimento,2
782,steelhead,2
786,leche,2
805,shaped,2
816,peppercorn,2
819,monterey,2
1083,unblanched,2
825,hain,2
833,whitener,2
1074,ferns,2
1073,fiddlehead,2
1064,jalapeno,2
1059,napa,2
1058,nopales,2
1042,catsup,2
1254,prairie,2
1038,fern,2
854,jujube,2
855,kiwifruit,2
878,jackfruit,2
998,solid,2
891,odwalla,2
990,kelp,2
976,crimini,2
909,filets,2
915,enhanced,2
954,pepeao,2
949,edamame,2
923,28,2
781,chokecherries,2
1121,budweiser,2
1122,pina,2
1128,toffee,2
1246,fireweed,2
721,peppermint,2
1225,pilaf,2
730,jelly,2
732,kit,2
1210,teff,2
1206,flours,2
1205,somen,2
1204,soba,2
738,oh,2
1198,triticale,2
1196,glutinous,2
747,schar,2
1184,nutri,2
749,perfect,2
1179,glaze,2
753,four,2
1171,genuine,2
756,mouse,2
1162,farley,2
1156,fluffy,2
763,ringed,2
1149,mousse,2
771,eyes,2
1143,chewing,2
773,willow,2
774,dumpling,2
1598,popsicle,2
2724,boar,2
1635,ls,2
534,watermelon,2
1646,frosty,2
1611,59,2
516,prune,2
557,candied,2
1700,unpeeled,2
1679,crinkle,2
1614,69,2
501,bay,2
1705,pine,2
1628,hush,2
1656,2006,2
1655,analyzed,2
1682,using,2
1619,pearled,2
1620,bulgur,2
1683,shoestring,2
527,mamey,2
562,tamarind,2
1670,raab,2
564,nance,2
1634,daddy,2
554,anjou,2
1610,45,2
1710,very,2
1637,edge,2
1645,jr,2
1695,breadnut,2
1629,puppies,2
2446,deluxe,1
2431,debbie,1
790,habichuelas,1
2432,nutty,1
788,negros,1
2433,ritz,1
2434,crusty,1
2435,bens,1
2436,boles,1
2495,fluoride,1
1131,mr,1
772,cheeks,1
1692,souffle,1
2430,mckee,1
2440,works,1
2441,mcnuggets,1
1133,grand,1
1132,goodbar,1
1740,stack,1
1130,mounds,1
1136,cups,1
2489,sterols,1
2428,krusteaz,1
2427,continental,1
2408,fume,1
2409,muller,1
2410,thurgau,1
2411,riesling,1
766,sourdock,1
770,head,1
2414,sprite,1
2415,burgundy,1
1749,tilsit,1
1690,harvard,1
2500,63,1
1142,whatchamacallit,1
1140,mints,1
2420,perrier,1
2421,poland,1
791,colorados,1
1139,eight,1
2423,windmill,1
2424,brownberry,1
1138,after,1
1137,rolo,1
2429,artificially,1
2449,boxed,1
2447,pats,1
2448,bowl,1
2493,aquafina,1
1743,fontina,1
2472,multipurpose,1
777,salmonberries,1
2474,49,1
2475,sprays,1
2476,flavoring,1
780,quadrant,1
1742,arby,1
2492,pepsi,1
2479,quality,1
2491,drinking,1
2480,degree,1
2481,intermediate,1
2482,grade,1
2483,icings,1
2484,confections,1
1694,crushed,1
2490,canada,1
2486,saturated,1
2487,squeeze,1
2470,avocado,1
2469,ucuhuba,1
2468,assu,1
2406,chenin,1
2488,plant,1
2450,pulled,1
2451,dogs,1
2452,roni,1
2453,anhydrous,1
2454,cheshire,1
1746,salut,1
2456,edam,1
2457,feta,1
1745,port,1
2467,cupu,1
2459,semisoft,1
1127,skor,1
2494,naya,1
2461,asadero,1
2462,chihuahua,1
2463,singles,1
1125,sunrise,1
1124,tequila,1
1693,wakame,1
1689,basella,1
1688,vinespinach,1
2405,claret,1
1766,people,1
2322,yachtwurst,1
2323,mesquite,1
2324,scrapple,1
2325,tootie,1
2326,fruities,1
1211,harina,1
2328,bagged,1
2329,redeye,1
1767,diabetes,1
70,torta,1
735,krackel,1
65,salvadorena,1
2404,sirah,1
1674,brine,1
2336,oops,1
1676,poi,1
737,halavah,1
1763,"fat,mixed",1
2340,barbara,1
2341,puffins,1
1762,"fat,9",1
739,henry,1
2344,goji,1
1194,ben,1
1212,maiz,1
1213,morado,1
1673,witloof,1
72,pastelitos,1
1229,packet,1
725,symphony,1
726,5th,1
1770,cotija,1
727,avenue,1
728,gumdrops,1
2301,ruffed,1
2302,grouse,1
83,rikis,1
2304,drums,1
82,moderna,1
1222,cross,1
80,sabrosas,1
2308,hoisin,1
1221,wedge,1
1672,kimchi,1
731,jellybeans,1
2312,specified,1
2313,luxury,1
79,gamesa,1
2315,thuringer,1
2316,cervelat,1
77,goya,1
742,mary,1
2348,muscadine,1
2349,groundcherries,1
2378,anti,1
2380,calories,1
2382,menthe,1
1685,year,1
757,seedlings,1
1163,butters,1
2386,fuze,1
1686,average,1
1161,ups,1
2389,flashin,1
1160,crocker,1
1159,betty,1
1687,tidbits,1
1155,heath,1
2394,kg,1
761,tipnuk,1
1152,tablets,1
1151,praline,1
795,arepa,1
2399,glaceau,1
2400,revive,1
2401,lemonada,1
2402,barbera,1
2403,zinfandel,1
2379,oxidants,1
2377,yumberry,1
2350,cape,1
2376,charged,1
2351,poha,1
743,gone,1
745,explosive,1
1760,sheep,1
1758,semi,1
752,six,1
1181,32,1
1180,nfsmi,1
1757,cup,1
1178,divinity,1
2362,power,1
2363,optima,1
2364,plantain,1
1177,sours,1
57,tostada,1
2368,confectioners,1
1174,refiner,1
2370,yucca,1
2371,dipps,1
2372,south,1
2373,beach,1
755,crosscut,1
2375,loaded,1
792,grandules,1
421,bulk,1
796,unleavened,1
2655,cytosport,1
2644,group,1
2645,terra,1
2646,zone,1
894,zespri,1
2648,go,1
2649,clif,1
2650,salty,1
2651,preformed,1
2652,drop,1
2653,guarana,1
2654,14028,1
895,sungold,1
1719,payday,1
2657,"kg,gerolsteiner",1
2658,colored,1
983,wedges,1
2660,franc,1
901,jowl,1
2662,noir,1
2663,syrah,1
2664,lemberger,1
2665,sangiovese,1
2666,carignane,1
2667,gris,1
2643,celestial,1
2642,nutz,1
2641,luna,1
2640,rush,1
2617,pillow,1
2618,swisswurst,1
2619,coco,1
2620,roos,1
2621,dinosaur,1
2622,sam,1
2623,iron,1
2624,buzzers,1
2625,toasty,1
2626,zings,1
2627,toasters,1
2628,hexagons,1
2629,christmas,1
2630,incaparina,1
2631,halloween,1
889,gala,1
2633,slip,1
2634,such,1
1721,groat,1
991,laver,1
1708,thinly,1
989,irishmoss,1
892,superfood,1
2668,grigio,1
2670,semillon,1
2615,smokies,1
2710,propel,1
2699,grahams,1
2700,crunchies,1
959,chanterelle,1
2702,well,1
2703,53,1
2704,34,1
2705,municipal,1
2706,dasani,1
2707,calistoga,1
2708,crystal,1
2709,geyser,1
2711,lipton,1
2671,ale,1
2712,brisk,1
2714,dipped,1
951,escarole,1
950,endive,1
2717,brook,1
2718,state,1
1715,turbinado,1
1714,stickless,1
2721,dha,1
2722,serving,1
925,alfalfa,1
2698,inch,1
960,morel,1
2696,brownie,1
916,"fat,with",1
2672,nestea,1
2673,muscat,1
2674,motts,1
1718,hersheys,1
912,rendered,1
2677,irish,1
969,bibb,1
2679,fruitcake,1
2680,shortcake,1
2681,trolley,1
2682,gingersnaps,1
2683,rusk,1
968,butterhead,1
2685,unsugared,1
2686,ca,1
2687,prop,1
2688,mince,1
2689,kaiser,1
2690,strudel,1
1717,stevia,1
2692,compressed,1
2693,active,1
2694,snaps,1
2616,wieners,1
2614,pimiento,1
797,bunuelos,1
2544,lebanon,1
1729,homestyle,1
2533,nog,1
2534,chai,1
846,preserved,1
1054,tomatillos,1
1053,radicchio,1
847,vital,1
1047,kosher,1
2541,chorizo,1
2542,knackwurst,1
2543,knockwurst,1
848,frog,1
1704,pilinuts,1
849,legs,1
2547,cheerios,1
2548,honeycomb,1
2549,vitaman,1
2550,tasteeos,1
2551,bursts,1
1727,forest,1
2553,morning,1
851,java,1
853,jambolan,1
1703,planters,1
1699,butternuts,1
1061,citronella,1
1063,pod,1
1698,brazilnuts,1
800,raised,1
804,star,1
811,grenadine,1
1696,chia,1
2293,straight,1
1737,lb,1
824,papad,1
1736,juicy,1
1735,dave,1
1734,ys,1
1079,sp,1
1078,sisymbrium,1
836,jellyfish,1
1733,wend,1
488,flake,1
1071,straw,1
1070,cloud,1
26,thomas,1
1069,fungi,1
2524,conch,1
1067,pasilla,1
2526,yokan,1
1066,hungarian,1
2557,fuls,1
2559,carissa,1
2613,peppered,1
2600,veggie,1
869,feijoa,1
870,asian,1
1706,pinyon,1
880,medjool,1
881,durian,1
884,clementines,1
885,guanabana,1
2596,cellophane,1
2597,extender,1
2598,tamari,1
495,concentrated,1
2601,burgers,1
2560,natal,1
2602,soyburgers,1
2603,chickpea,1
2604,besan,1
2605,wash,1
2606,raccoon,1
887,granny,1
2,layer,1
888,smith,1
2610,tabasco,1
2611,fin,1
2612,mortadella,1
868,sweetsop,1
866,roselle,1
865,rambutan,1
862,quinces,1
2561,cherimoya,1
2562,tostitos,1
2563,paratha,1
2564,bollilo,1
2566,mouvedre,1
2567,chardonnay,1
2568,oolong,1
2569,aloe,1
2570,vera,1
2571,amber,1
2572,generic,1
2573,minerals,1
2574,orchard,1
2575,throttle,1
2576,g2,1
2577,containing,1
856,kumquats,1
2579,caviar,1
2580,granular,1
2581,have,1
2582,been,1
2583,previously,1
857,limes,1
2294,phosphate,1
1244,gumboots,1
2292,aluminum,1
1981,starfruit,1
1514,cavatappi,1
1984,zante,1
1985,bullock,1
1986,deglet,1
1987,noor,1
1988,elderberries,1
433,midnight,1
1510,somiviki,1
1509,sakwavikaviki,1
1508,hohoysi,1
1823,roasters,1
306,kneel,1
1822,fryer,1
298,chilchen,1
1505,beaked,1
294,ash,1
292,mush,1
1502,pinon,1
1500,nettles,1
1499,stinging,1
2003,verde,1
2004,ray,1
1498,tennis,1
1982,crabapples,1
1980,carambola,1
2007,masterpiece,1
1515,parmigiana,1
1541,navels,1
1956,crunchberries,1
1540,valencias,1
1538,oheloberries,1
1959,quisp,1
1537,nectarines,1
1536,mulberries,1
320,spotted,1
317,silver,1
1535,balls,1
1534,honeydew,1
1533,mangos,1
1532,mammy,1
1531,loquats,1
1529,mixture,1
1826,foie,1
1521,hawaiian,1
1972,scooters,1
1973,swirl,1
1520,meatloaf,1
1519,sugarless,1
1977,west,1
581,goodness,1
2006,kc,1
2008,open,1
1953,headcheese,1
1483,man,1
276,tundra,1
1482,hungry,1
591,baobab,1
272,yane,1
2042,cafe,1
268,scoter,1
266,brined,1
1479,microwaveable,1
2046,liquor,1
1477,potsticker,1
257,owl,1
436,pressed,1
255,tunicate,1
1474,daily,1
254,oopah,1
440,lactose,1
1470,debranned,1
247,mashu,1
2058,evian,1
1467,durum,1
1466,pearl,1
2061,ion4,1
2062,merlot,1
2036,ginseng,1
278,laborador,1
2009,pit,1
1484,banquet,1
1496,huckleberries,1
1495,lingenberry,1
2012,frito,1
289,muktuk,1
559,rowal,1
1492,cockles,1
1491,cloudberries,1
1490,marrow,1
287,blubber,1
1489,blackfish,1
1488,polar,1
283,sitka,1
2022,thins,1
2023,marie,1
282,venison,1
2025,tonic,1
558,abiyuch,1
279,combination,1
2028,niacin,1
2029,pantothenic,1
1486,dean,1
1485,jimmy,1
2032,gamay,1
1954,alpha,1
1952,smokie,1
230,rehydrated,1
1585,beechnuts,1
1869,texas,1
1870,pete,1
1871,tuong,1
1872,ot,1
1874,gjetost,1
1875,gouda,1
1876,gruyere,1
1877,limburger,1
1878,neufchatel,1
1879,romano,1
566,lulo,1
1881,butterfat,1
1882,caseinate,1
1883,substitutes,1
1884,producer,1
365,del,1
1886,human,1
1581,hemp,1
571,fuji,1
1889,11g,1
1890,nugget,1
565,naranjilla,1
1575,radish,1
1868,cha,1
1586,coconuts,1
1894,ghee,1
1865,bistro,1
1607,twirl,1
1601,fudgsicle,1
389,lo,1
1600,splenda,1
1599,scribblers,1
387,pao,1
386,kung,1
385,tso,1
568,kiwano,1
1594,suet,1
1593,most,1
1591,roaster,1
1590,chosen,1
1855,sofrito,1
1589,unflavored,1
1588,hickorynuts,1
1858,masala,1
1859,moroccan,1
1860,thai,1
1861,vietnamese,1
1862,lemongrass,1
366,cerdo,1
1864,mezzetta,1
1893,clarified,1
1895,allspice,1
1951,cheesefurter,1
359,empanadas,1
1618,marmalades,1
1927,frames,1
1560,lesuer,1
1557,welsh,1
1555,scallions,1
576,mighty,1
1553,cilantro,1
1549,celtuce,1
1936,santa,1
1937,fe,1
1938,buitoni,1
1939,alfredo,1
1940,worcestershire,1
1547,shellie,1
1942,stroganoff,1
1546,chunks,1
1544,papayas,1
1945,berliner,1
1946,blood,1
1947,bockwurst,1
1543,tangerine,1
329,sheefish,1
1827,gras,1
1564,chilies,1
1923,ultra,1
1896,anise,1
1565,herbs,1
1897,chervil,1
1898,cloves,1
1900,fenugreek,1
1902,oregano,1
1903,paprika,1
1572,icicle,1
1571,eppaw,1
1568,watercress,1
1567,matai,1
1908,"margarine,spread",1
1909,35,1
1910,39,1
1616,nfs,1
1912,tomatoseed,1
1913,teaseed,1
1914,lecithin,1
1915,babassu,1
1916,sheanut,1
1917,pam,1
1918,67,1
1919,enova,1
1920,diglycerides,1
1921,37,1
555,bosc,1
1461,citrate,1
723,nibs,1
2208,miso,1
184,goobers,1
1326,casaba,1
1325,cantaloupe,1
2213,extraction,1
180,sherbet,1
1323,mangosteen,1
1654,spicy,1
1321,loganberries,1
686,azucar,1
2220,okara,1
2222,falafel,1
1315,presweetened,1
1314,familia,1
1313,alpen,1
1789,whip,1
1309,fillets,1
2228,rojos,1
2229,volteados,1
1307,slices,1
691,focaccia,1
1788,miracle,1
1304,drops,1
692,flatbread,1
2209,natto,1
187,ruth,1
162,bit,1
684,salpora,1
1355,ear,1
2183,multiuse,1
2184,winterized,1
1354,jew,1
2186,clear,1
1353,jerusalem,1
1345,cornsalad,1
2189,typical,1
2190,basis,1
676,keikitos,1
2193,whiteners,1
2194,sauces,1
1342,hocks,1
678,bimbo,1
1339,pomegranates,1
1338,surinam,1
1337,pitanga,1
680,panque,1
1335,spiced,1
681,casero,1
1333,granadilla,1
683,ricura,1
1329,jumbo,1
1301,goddess,1
693,"schiff,tiger",1
198,andrea,1
1259,piki,1
99,jerky,1
1256,hips,1
503,cane,1
2270,upside,1
1253,narrow,1
1252,cattail,1
2274,fig,1
2275,fortune,1
719,solitaires,1
2277,crispbread,1
1248,giant,1
1671,fuki,1
1245,devilfish,1
2281,crullers,1
1840,conventional,1
1243,leathery,1
1242,chiton,1
2285,phyllo,1
1240,flipper,1
1771,sharp,1
1238,tunughnak,1
1237,ascidians,1
722,pattie,1
715,caramello,1
504,snail,1
694,toblerone,1
507,lemons,1
526,sapote,1
1296,restructured,1
2241,opossum,1
1295,guar,1
1294,locust,1
525,sapodilla,1
1785,tarragon,1
517,pummelo,1
1783,saffron,1
1288,weetabix,1
1782,cayenne,1
699,smucker,1
1284,lasagne,1
122,combed,1
700,magic,1
1781,marjoram,1
705,combos,1
709,both,1
712,tootsie,1
1267,badufsuki,1
1780,mace,1
1778,cumin,1
1777,cardamom,1
1356,kanpyo,1
202,crunchmaster,1
1458,treats,1
1431,raisinets,1
1429,truffles,1
1428,gold,1
1801,grapeseed,1
1800,commerce,1
1425,bud,1
647,81,1
658,grands,1
1799,primary,1
1416,smoke,1
1413,stone,1
661,watcher,1
1410,coat,1
2112,lox,1
1409,chemically,1
1408,unroasted,1
1407,maitake,1
1406,tannier,1
1405,yautia,1
1404,malabar,1
1403,epazote,1
1402,chowchow,1
1401,ancho,1
1400,serrano,1
1430,brittle,1
1432,minis,1
2124,tinkyada,1
646,cure,1
1457,krispies,1
602,be,1
2071,b2,1
2072,b3,1
1455,taffy,1
1454,cruncher,1
2075,horchata,1
2076,served,1
605,backfat,1
474,sake,1
2079,thiamin,1
2080,hibiscus,1
606,belly,1
1446,munch,1
548,bartlett,1
535,maraschino,1
1805,benecol,1
1440,reesesticks,1
1439,nutrageous,1
1804,stability,1
1436,gelatins,1
1803,natreon,1
2095,gefiltefish,1
662,interstate,1
2125,ancient,1
2178,agent,1
2153,omelet,1
2155,anejo,1
1795,approx,1
1369,"convolvulus,raw",1
528,soursop,1
2159,reddi,1
2160,wip,1
2161,seco,1
2162,fresco,1
2163,blanco,1
2164,turmeric,1
2165,capers,1
1367,sauerkraut,1
2167,balsamic,1
2168,sazon,1
2169,annatto,1
1361,crisphead,1
1360,iceberg,1
1359,romaine,1
2173,fractionated,1
1358,cos,1
2175,grease,1
2176,mid,1
2177,antifoaming,1
2154,poached,1
2152,uncreamed,1
2126,extravaganzza,1
2151,camembert,1
2127,feast,1
215,rudi,1
1398,arugula,1
1395,enoki,1
664,corp,1
1382,stored,1
665,wonder,1
1380,freshly,1
2136,rounds,1
2137,miniature,1
530,tamarinds,1
1796,65,1
668,snackwell,1
2141,tortellini,1
2142,carne,1
1374,stalks,1
2144,bowls,1
2145,entrees,1
1373,clusters,1
669,devil,1
2148,content,1
2149,brick,1
2150,brie,1
1712,mint,1
