words,category
and,filler
cooked,junk
lean,junk
separable,junk
raw,junk
with,filler
to,junk
trimmed,junk
only,junk
prepared,junk
frozen,junk
without,junk
added,junk
choice,junk
all,junk
or,junk
whole,junk
fresh,junk
ready,junk
imported,junk
beverages,junk
grades,junk
select,junk
babyfood,junk
in,filler
new,junk
cereals,junk
zealand,junk
from,junk
solids,junk
of,filler
foods,junk
blade,junk
regular,junk
candies,junk
mature,junk
snacks,junk
fast,junk
includes,junk
fryers,junk
eat,junk
broilers,junk
drink,filler
australian,junk
alaska,junk
native,junk
infant,junk
vitamin,junk
variety,junk
heat,junk
by,filler
formula,junk
mixed,junk
meats,junk
pack,junk
unprepared,junk
for,filler
on,filler
sodium,filler
quaker,junk
recipe,junk
instant,junk
enriched,junk
type,junk
style,junk
flavor,junk
retail,junk
strained,junk
no,filler
composite,junk
made,junk
cuts,junk
game,junk
usda,junk
solution,junk
original,junk
fortified,junk
species,junk
unsweetened,filler
unenriched,junk
short,junk
end,junk
commercially,junk
heated,junk
volume,junk
dha,junk
junior,junk
distribution,junk
mead,junk
johnson,junk
program,junk
vegetables,junk
ara,junk
equal,junk
unheated,junk
dinner,junk
12,filler
puddings,filler
chips,filler
hydrogenated,junk
off,junk
calcium,junk
10,filler
cut,junk
tip,filler
industrial,junk
snackfood,junk
us,junk
not,filler
topping,filler
feed,junk
home,junk
extra,junk
pot,filler
iron,junk
enfamil,junk
bottled,junk
14,filler
spices,filler
small,junk
natural,junk
meal,junk
table,junk
refrigerated,junk
dessert,filler
flavored,filler
large,junk
immature,junk
country,filler
ascorbic,junk
like,filler
flavors,junk
under,junk
plate,junk
reconstituted,junk
partially,junk
toddler,junk
nutrition,junk
petite,junk