,words
131,fat
98,beef
239,salt
243,meat
265,canned
614,boneless
309,roasted
21,pork
334,steak
598,loin
357,chicken
22,dry
305,boiled
333,round
537,drained
2235,lamb
63,cheese
339,roast
288,skin
260,fish
594,seeds
250,braised
45,chocolate
332,top
539,water
84,white
119,milk
154,mix
458,broiled
599,shoulder
370,beans
233,fried
764,soup
454,bone
613,rib
126,oil
1106,chuck
376,grilled
419,turkey
399,low
452,juice
78,cream
340,eye
607,ham
85,wheat
183,nuts
146,rice
200,free
59,corn
175,light
138,dried
60,bread
140,reduced
597,leg
457,cured
377,sirloin
37,plain
522,liquids
624,products
394,sauce
62,sweet
214,pizza
108,fruit
643,ribs
1948,veal
124,butter
274,ground
55,flour
207,cookies
157,bar
299,red
139,potatoes
406,dressing
404,sugar
68,pan
40,crust
418,sausage
301,beverage
174,vanilla
204,grain
447,powder
416,salad
372,egg
212,baked
610,chops
502,syrup
644,tenderloin
551,food
388,vegetable
506,green
1103,lip
615,arm
179,serve
342,yellow
171,yogurt
473,alcoholic
217,sandwich
1343,breast
442,tomato
653,shank
75,crackers
326,half
172,ice
612,center
236,french
354,restaurant
1041,margarine
400,calorie
459,dark
123,peanut
136,potato
1114,bottom
67,cake
486,soy
412,mars
147,brown
39,pie
115,soft
302,squash
415,spread
383,lemon
822,nonfat
1843,condensed
261,salmon
1967,oatmeal
1642,mcdonald
515,stewed
523,sweetened
422,patty
199,gluten
455,drumstick
1090,brisket
1214,protein
275,tea
249,liver
1075,coconut
519,heavy
371,chinese
111,granola
149,seed
509,concentrate
181,orange
353,lettuce
1453,malt
188,strawberry
1310,wine
1659,thigh
141,sour
1319,peas
121,honey
10,rolls
35,toasted
1658,breading
785,pasta
47,apple
9,cinnamon
264,smoked
1035,peppers
453,wing
427,fluid
531,pineapple
441,bacon
425,tofu
466,bran
319,wild
2024,carbonated
1051,hot
943,kernels
542,acid
654,slice
499,mollusks
392,italian
1817,back
611,roasts
142,onion
789,black
585,cranberry
1115,clod
832,coffee
1126,cereal
926,sprouted
751,crispy
649,tender
670,filling
917,cap
134,peanuts
2210,soymilk
159,cherry
262,king
1109,flat
1754,greek
113,hard
626,simmered
1641,filet
3,buttermilk
1118,skirt
2532,silk
424,mayonnaise
472,breaded
196,banana
144,salted
325,rump
28,muffins
464,post
760,leaves
438,lowfat
173,creams
487,breakfast
148,sesame
477,oat
103,based
114,almond
657,juices
1824,broth
352,taco
1317,soybean
2099,crustaceans
76,snack
100,chopped
1234,gravy
363,bean
937,kidney
2089,atlantic
829,greens
1068,oyster
913,product
1000,winter
208,creme
1814,neck
1119,outside
1838,rotisserie
958,mushrooms
1668,pepperoni
1224,80
590,grape
112,bars
343,northern
259,flesh
841,oats
485,non
313,stew
1016,snap
1664,thin
569,blend
995,summer
979,spinach
830,pasteurized
986,pumpkin
1503,shortening
586,ocean
8,dough
493,blueberry
322,removed
1146,cocoa
861,uncooked
1554,onions
544,grapefruit
451,vitamins
1134,crunch
1657,kfc
448,high
875,peach
56,chip
1813,giblets
813,sliced
36,microwaved
1481,biscuit
1024,cabbage
166,roll
461,palm
570,apples
169,liquid
1117,inside
132,cakes
403,novelties
587,spray
1816,classes
1842,parts
2064,v8
295,navajo
807,noodles
970,types
2239,chop
1298,stick
812,american
859,dehydrated
946,cowpeas
194,chunky
2034,cola
378,macaroni
1422,loaf
1060,grass
710,unsalted
91,filled
748,classic
939,lima
666,hamburger
876,pear
2231,vitasoy
1039,mashed
393,spaghetti
118,coated
1065,chili
1270,double
512,pears
150,tortilla
1092,fed
1997,ribeye
1846,noodle
2026,energy
545,pink
799,shrimp
1299,tub
224,pancakes
1648,burger
1102,porterhouse
706,cheddar
818,diet
1424,mock
1093,flank
2305,ostrich
900,heart
1249,pacific
1336,sulfured
125,popcorn
1394,mushroom
314,steamed
1667,hut
293,blue
619,steaks
2244,frenched
1624,single
1020,broccoli
817,commercial
1755,chobani
1578,cottonseed
296,cornmeal
823,than
356,latino
241,processing
1627,tuna
106,barbecue
1029,carrots
831,process
117,raisin
2103,moist
978,mustard
190,syrups
185,covered
2422,archway
679,usa
2214,firm
985,oven
167,baking
1226,cheeseburger
538,apricots
1623,condiments
536,cherries
494,cocktail
1228,seasoning
1414,formulated
439,milkfat
1084,sunflower
1836,domesticated
27,english
1993,wagyu
1818,broiler
182,fudge
1112,prime
44,cracker
1996,score
2027,caffeine
1994,aust
1995,marble
41,cookie
1005,kernel
1055,tomatoes
16,bake
860,moisture
13,kraft
1961,grits
133,caramel
1841,bird
2065,splash
778,hind
1847,clam
1276,family
156,candy
802,sticks
2243,bison
358,entree
355,mexican
231,hash
617,boston
411,substitute
407,bologna
1195,long
4,biscuits
1507,brewed
838,sweetener
1456,multigrain
1082,almonds
161,nestle
871,peaches
426,frankfurter
1344,crumbles
177,desserts
2013,frosting
344,plains
1962,quick
863,raisins
2236,foreshank
300,berry
2054,whiskey
1080,chestnuts
1399,pepper
2252,rack
267,duck
2040,decaffeinated
345,indians
994,soybeans
1182,rye
1806,smart
489,mozzarella
655,broil
744,organic
1660,mild
1153,frostings
1015,pinto
350,the
1311,cooking
630,leaf
1651,burrito
1104,70
237,as
478,flakes
2066,drinks
1644,wendy
933,gourd
1154,tapioca
2146,knuckle
1815,batter
1606,breyers
1007,taro
1653,popeyes
1116,tri
1120,beer
1633,lunch
1632,school
905,tongue
405,creamy
1147,european
2522,farmed
2303,emu
86,bagels
1277,hand
834,swiss
1025,common
2100,crab
1438,nut
152,ranch
19,coating
2198,roasting
945,cob
2199,stewing
930,asparagus
942,tap
483,plus
235,canola
1615,85
1099,full
1638,subway
324,caribou
2056,proof
1110,america
729,starch
1924,fully
382,denny
401,aspartame
423,link
767,young
437,cottage
450,other
1188,rising
1173,maple
1999,15
1108,denver
468,size
2018,standard
2035,lemonade
484,imitation
43,graham
213,parmesan
899,brain
1203,bleached
947,blackeyes
513,plums
1839,bbq
1433,special
1665,chain
883,varieties
1269,applebee
1081,japanese
1165,snickers
828,turnip
1516,poultry
1732,tossed
1848,chowder
1280,thick
1650,bell
1008,shoots
1640,sub
1626,submarine
1944,salami
338,elk
560,nectar
616,picnic
1247,herring
1255,turnips
186,baby
1613,60
1963,minute
1227,lasagna
839,less
1191,medium
1172,lite
741,wafers
850,mackerel
842,sweeteners
1328,ripe
1045,pickles
964,lower
972,root
906,strips
718,hershey
1030,cauliflower
1216,25
808,garden
936,pods
327,sockeye
104,extruded
2238,fore
1459,crunchy
2232,nasoya
1517,skim
2207,gram
1828,goose
225,seaweed
2057,soda
251,seal
2050,distilled
574,smoothie
2048,punch
270,sea
2021,toast
318,blueberries
1669,domino
361,con
1707,glazed
1709,apricot
364,queso
374,barrel
375,fries
381,menu
465,shredded
1852,pea
618,butt
634,pickled
71,pastry
38,microwave
645,hormel
69,de
1580,defatted
263,chinook
269,winged
271,cucumber
533,tropical
281,deer
284,whale
674,muffin
1202,purpose
1423,point
2314,mother
491,olive
783,trout
368,spanish
1377,danish
471,meatless
1421,browned
469,yeast
1164,marshmallow
15,shake
456,whey
1819,skinless
827,coleslaw
840,bunches
1468,barley
143,pretzels
2300,propionate
636,approximately
1013,mung
2280,doughnuts
874,oranges
160,bites
1289,great
984,purchased
687,contains
89,custard
787,pudding
1863,pesto
1853,split
999,zucchini
2306,93
1017,beets
29,waffles
94,fry
110,pieces
1129,toppings
2608,square
398,powdered
2251,slow
2367,chewy
50,deep
1928,bouillon
2049,nutrients
904,pancreas
2047,citrus
2088,cod
897,raspberry
1003,succotash
2128,little
2170,frying
2215,sulfate
290,whitefish
858,lime
335,shoshone
336,bannock
2227,silken
170,squares
1933,cubed
1932,campbell
1004,limas
1412,grated
1617,90
671,toaster
1662,digiorno
1652,supreme
1647,dairy
561,mango
1,golden
1341,seasoned
1526,edible
1441,big
632,spleen
1523,sundae
1273,friday
1487,bear
1279,rings
1281,fillet
631,lungs
1292,pecan
629,kidneys
1302,saccharin
1448,brand
672,frosted
1306,luncheon
1387,celery
667,nabisco
1372,broadbeans
896,100
2289,leavening
987,radishes
711,buckwheat
373,assorted
1148,gelatin
2290,agents
369,refried
480,valley
1334,purple
1271,tenders
638,patties
2133,side
2109,eastern
902,mechanically
2317,oscar
226,canadian
1905,spice
2528,chickpeas
470,extract
2318,mayer
584,real
409,whipped
765,homemade
2264,stuffing
2263,sourdough
2530,bengal
1014,navy
696,puffs
116,uncoated
1287,marinara
997,straightneck
2247,soaked
996,crookneck
1150,rennin
1283,meatballs
93,tortillas
2529,garbanzo
380,kid
73,guava
74,pastries
518,raspberries
1089,unspecified
1992,seam
1974,fiber
2000,20
734,wafer
286,subcutaneous
2342,figs
1186,degermed
1539,california
323,eggs
2037,coca
928,artichokes
966,lentils
1636,rolled
803,nuggets
2043,cran
1085,cashew
2044,higher
51,dish
1929,england
911,pre
500,scallop
1230,thighs
1991,external
1663,stuffed
967,stir
784,acorn
1187,self
957,kale
963,bulb
2361,marathon
1001,butternut
2417,malted
974,yam
2359,97
1381,harvest
2504,pollock
2334,time
1330,super
2271,dietary
2307,drumsticks
2523,rainbow
2333,cook
1437,crisp
2331,ralston
1346,yardlong
1825,pate
1040,granules
1308,vegetarian
1680,au
1559,podded
1239,beluga
1612,cacao
1223,vermicelli
2038,company
2020,incomplete
1998,95
1209,semolina
1418,pistachio
1949,bratwurst
1207,51
1192,parboiled
2267,coffeecake
1697,safflower
1904,poppy
1885,goat
1183,kellogg
1713,cone
1738,southern
1176,bite
1169,yolk
1158,mills
1135,reese
1820,pigeon
2052,rum
2053,vodka
1542,florida
2060,zero
2265,cornbread
1449,cocoavia
1286,ravioli
1022,brussels
1023,sprouts
2246,chump
1032,collards
1033,hyacinth
2200,capons
2180,uses
2179,principal
1046,dill
2147,medallion
2143,pockets
1056,sun
2129,caesars
1268,masa
1260,hopi
2104,may
1258,steller
1257,lion
1076,desiccated
2081,bass
0,pillsbury
1362,okra
935,tips
934,leafy
384,general
593,seedless
724,bits
600,spareribs
567,pulp
428,cultured
650,teriyaki
688,garlic
877,undiluted
546,diluted
702,oriental
886,plantains
153,trail
514,prunes
826,mini
252,bearded
253,oogruk
815,deli
814,prepackaged
810,grill
801,catfish
572,chilled
66,pound
360,pupusas
776,chum
348,corned
775,hominy
331,range
297,melon
316,coho
582,potassium
476,puffed
315,halibut
932,bitter
192,blends
210,farm
929,globe
931,balsam
2226,nu
193,pancake
1752,oils
1592,walnuts
821,yogurts
1866,basil
1087,lightly
921,16
1219,sorghum
1363,par
2051,gin
809,carrabba
203,multi
1851,stock
1604,slim
1850,minestrone
242,moose
2045,alcohol
2521,channel
837,pop
2525,adzuki
2225,mori
843,tabletop
209,pepperidge
1062,fava
12,icing
2531,crowder
417,roquefort
637,11
798,platter
794,tripe
1105,30
2347,grapes
759,pike
1524,quail
1166,molasses
1527,pheasant
311,lard
941,rinsed
308,mutton
1964,farina
303,indian
330,buffalo
2001,75
2002,salsa
1550,chicory
927,amaranth
1832,hens
492,fillings
2014,brownies
351,border
280,walrus
779,quarter
2030,b6
1911,vinegar
1200,germ
1350,ginger
2031,b12
2338,nature
1891,dannon
1725,50
1975,medleys
1049,pickle
1006,vacuum
685,arroz
1625,tartar
444,jams
445,preserves
893,sucralose
529,strawberries
1630,chick
864,seeded
1807,balance
2107,retain
1794,linoleic
556,puree
1419,strip
1417,pecans
211,goldfish
2242,rabbit
2223,smooth
490,cholesterol
1393,freeze
2106,additives
1034,lambsquarters
2105,contain
690,saltines
431,milky
165,caramels
1002,hubbard
508,peel
977,shiitake
176,rich
163,chews
648,always
971,lotus
505,turtle
127,popped
432,way
1798,oleic
1290,grains
740,hazelnut
145,confectioner
2250,netted
1201,crude
1357,portabella
64,quesadilla
2249,saddle
2122,lobster
151,nacho
2245,intermuscular
218,udi
2010,dip
2365,kashi
689,buns
2384,plan
1167,starburst
2383,slimfast
1170,sugars
1303,any
1175,skittles
2224,mineral
1497,lingcod
1504,hazelnuts
2358,striploin
2356,cube
2355,bolar
1396,packed
2354,sweetbread
1189,bolted
2357,shin
2321,polish
1208,remaining
1241,blackberries
189,twists
1465,precooked
1232,turnover
2259,trotter
238,packaged
2260,denuded
92,iced
2262,vienna
2069,fusion
2082,striped
2282,leavened
2332,life
95,shelf
1332,passion
628,feet
714,carob
2278,matzo
2276,pies
1250,agave
2093,drum
96,stable
2268,crumb
2296,pita
2108,surimi
660,weight
2299,melba
2253,flap
1282,browns
701,shell
1349,eggplant
2218,nigari
1376,butterbur
256,animal
2319,minced
2311,fashioned
1411,expressed
673,include
178,flan
2188,confection
2310,old
1278,battered
2254,tunnel
1340,styles
2255,boned
1275,oz
216,bakery
87,puff
206,glutino
321,bones
1856,ramen
1764,nutritional
2546,kielbasa
1833,cornish
1050,relish
2538,partly
1835,duckling
2536,creamer
1837,pekin
1765,supplement
1057,chile
5,artificial
844,fructose
2527,roman
1681,gratin
1605,98
1603,klondike
1602,pops
390,mein
908,backribs
2675,hindshank
1595,thymus
2676,heel
1759,evaporated
1086,macadamia
1088,tahini
1768,stabilized
1044,ultraviolet
1769,glucose
1043,exposed
993,flower
475,millet
540,pitted
1009,chrysanthemum
543,applesauce
1011,bamboo
873,mandarin
872,tangerines
1639,club
1808,omega
1809,bottle
2636,navel
2637,centre
2588,crayfish
524,rhubarb
1027,pak
435,cold
434,flaxseed
1821,gizzard
1037,tree
1621,nachos
1829,deboned
563,pomegranate
1867,sriracha
1793,household
1098,shortribs
481,abbott
1730,ultimate
1731,whopper
1562,scalloped
578,bolthouse
962,leeks
575,naked
328,kippered
1556,tops
1530,squab
347,apache
1552,coriander
1691,carrot
1744,part
2439,john
2438,papa
2437,croissant
2407,blanc
1966,boiling
1756,ounce
1579,glandless
914,spiral
2695,martha
924,96
965,portion
793,pigeonpeas
1525,total
579,farms
1577,breadfruit
2503,perch
34,waffle
1365,purslane
1701,flaked
1364,flowers
1792,island
1722,tony
2130,griddle
2131,mcgriddles
1661,parfait
1791,thousand
1728,mac
1702,filberts
498,except
2171,duty
1366,salsify
205,crisps
663,brands
1675,parsley
2132,mcmuffin
1385,cardoon
1388,chard
1384,tsai
1797,over
1678,poke
1383,pe
1677,pokeberry
2134,croissan
2135,wich
2140,franks
1371,tahitian
1389,chayote
479,health
1375,burdock
1390,yambean
1684,brien
1391,jicama
1386,celeriac
1392,dock
1753,lauric
511,prickly
1978,avocados
219,delicious
1649,premium
532,papaya
273,squirrel
277,herb
2033,limeade
1892,oikos
362,frijoles
1570,preserving
1569,waxgourd
1925,hen
1563,form
285,bowhead
1493,cranberries
1558,parsnips
346,smelt
2005,bull
1934,cubes
1935,bisque
1941,chunk
1943,beerwurst
1501,blanched
588,jellied
1545,persimmons
1960,kretschmer
2187,use
1511,house
1968,wheatena
312,tamales
1528,scrambled
1513,enchilada
1983,currants
1478,wonton
1888,per
1475,box
429,links
2113,jack
1643,pounder
1810,poppyseed
1415,decorticated
467,spoon
659,heinz
460,hearts
1631,fil
1622,bun
1522,replacement
222,van
2097,haddock
2094,freshwater
1447,ables
1887,grams
627,ears
2078,greater
1608,creamsicle
2068,kiwi
1460,kudos
2059,powerade
1849,manhattan
1596,pastrami
592,tart
1587,ginkgo
248,roots
1584,paste
1873,microwavable
2182,woks
1324,melons
1021,spears
1235,agutuk
835,pumpernickel
879,dates
762,fermented
1010,arrowhead
1012,fordhook
1236,alaskan
1018,beet
882,traditional
1019,borage
2496,gatorade
1233,salisbury
867,rose
1231,reheated
2295,crumbs
2397,smoothies
1077,creamed
1026,savoy
1251,southwest
2512,shark
2639,sunchips
988,rutabagas
845,jellies
52,unbaked
2638,fritolay
1144,gum
1352,calabash
720,york
1145,custards
992,sesbania
2635,thompson
2609,fan
2515,sturgeon
1157,dove
1028,choi
1141,musketeers
1185,olestra
2346,sections
1193,uncle
2554,control
1190,quinoa
2385,unilever
746,sage
758,octopus
2388,isolate
1168,fruits
58,shells
1052,dog
2369,bagel
2537,azumaya
754,arrowroot
852,plum
1036,sauteed
2309,healthy
1031,garland
1220,fleshed
1217,unbleached
733,kat
2320,spam
1072,wasabi
2327,bumpers
2390,gerolsteiner
2345,areas
736,marshmallows
2335,stove
2565,shortbread
25,bakeries
1199,spring
2343,gooseberries
716,semisweet
2272,sponge
2535,mocha
2499,liqueur
961,kohlrabi
2455,colby
2458,sugared
158,twizzlers
2237,kabob
1300,caesar
948,cress
922,72
107,cones
806,chow
956,potherb
2507,sablefish
1318,curd
955,jute
2465,muscle
1123,colada
2719,royal
1327,olives
2206,virginia
2471,sardine
953,towelgourd
2205,valencia
2204,mungo
1331,colossal
2203,mothbeans
2202,lupins
952,dishcloth
920,84
2195,refined
1348,dandelion
980,tendergreen
109,leather
1351,flowered
898,carcass
46,dutch
713,butterscotch
2426,selects
2720,catjang
708,including
1272,kids
707,pretzel
1274,fingers
2661,pinot
703,air
2197,flax
975,hawaii
1347,peeled
2684,croissants
1285,pomodoro
903,separated
675,dulce
907,13
2442,hotcakes
820,twix
973,mountain
2498,performance
23,george
1901,nutmeg
24,weston
2502,pout
2501,ling
402,pectin
1899,weed
1857,swanson
2505,pompano
2520,whiting
1854,jus
367,tamale
2511,shad
2513,snapper
2514,spot
2516,swordfish
2517,tilefish
2510,seatrout
1845,gumbo
1844,frankfurters
2509,contents
2518,bluefin
2508,can
1880,eggnog
2506,rockfish
2519,turbot
2185,pourable
2539,antelope
1750,whipping
1776,caraway
2659,cabernet
1774,blackberry
1773,lifeway
1772,kefir
2669,gewurztraminer
1761,shakes
2678,store
2691,baker
2697,mission
2701,horse
1751,pressurized
1748,ricotta
2647,tlc
1747,provolone
1741,breadstick
1739,wrap
482,ensure
2713,mullet
2715,sheepshead
2716,tilapia
1726,meatball
1724,4x6
1723,smartpizza
1720,groats
2723,beaver
2656,zevia
1779,curry
2540,beefalo
2589,abalone
2545,liverwurst
2552,mateys
1830,backs
2555,mom
2556,best
2558,bananas
2578,anchovy
2584,eel
2585,flatfish
2586,flounder
2587,sole
446,marmalade
2590,mussel
1784,savory
2591,roe
2592,scup
2593,wolffish
1802,walnut
2594,yellowtail
2595,roughy
2599,fuyu
2607,brains
2632,arizona
1790,russian
1787,mayo
1786,thyme
2497,pepsico
2412,sauvignon
2485,beat
102,formed
2098,greenland
2269,gingerbread
220,hearty
2101,dungeness
2102,queen
2266,angelfood
2261,cracked
2273,cheesecake
2258,buco
2257,osso
2256,cutlet
2110,squid
2111,whelk
2114,milkfish
2096,grouper
2092,mahimahi
1906,rosemary
2084,burbot
2287,hotdog
228,emi
2286,popovers
2083,bluefish
2284,meringue
2283,complete
2085,butterfish
2091,cusk
2086,carp
2087,cisco
2279,croutons
227,cultivated
223,totally
2090,croaker
2115,monkfish
2116,walleye
2117,sucker
2158,breakstone
2211,unfortified
2138,decker
2139,blended
2201,guinea
2156,cheez
2157,whiz
2166,spearmint
2118,sunfish
2196,buttery
2192,used
2191,coatings
2172,confectionery
2174,menhaden
2181,salads
2212,produced
2216,magnesium
2217,chloride
2219,koyadofu
2221,hummus
2230,tempeh
164,butterfinger
2233,shoyu
2234,hydrolyzed
155,joy
2240,muskrat
130,trans
2123,cuttlefish
2248,testes
2121,spiny
2120,yellowfin
2119,skipjack
2077,vault
2074,rockstar
2073,amp
2398,d2
2418,ovaltine
1957,fruity
1958,pebbles
2416,snapple
1965,minutes
2413,late
1969,microwaving
1976,acerola
2396,sparkling
2395,naturally
2393,co
2392,gmbh
1970,spooners
1971,blenders
1950,braunschweiger
2419,chamomile
2425,keebler
2443,mcflurry
2444,oreo
2445,mcchicken
1931,lentil
1930,consomme
2460,key
2464,velveeta
2466,cider
1926,basted
2473,40
2477,flaky
1922,linolenic
2478,similar
1907,tallow
2391,brunnen
2387,acai
2070,monster
2298,rind
2039,maid
2041,espresso
2330,dyno
258,horned
2055,86
81,la
2297,ladyfingers
1979,boysenberries
2291,acting
2063,bottles
229,tsunomata
2067,medley
88,eclair
2288,wrappers
2337,berries
2339,path
2019,macaroon
2017,naan
2016,roti
2015,chapati
2011,horseradish
2352,guavas
2353,manufacturing
61,salvadoran
291,broad
2360,94
2366,golean
307,down
310,frybread
2374,nos
2381,eas
1716,truffle
1831,necks
1320,litchis
1711,hi
640,tail
1435,alkali
1434,processed
1427,carb
1426,daiquiri
1420,crosscuts
1397,fennel
1379,pointed
1378,domestic
1370,convolvulus
1368,agar
677,item
1322,longans
1316,base
1443,break
1305,sorbitol
1297,muenster
1293,gums
695,nougat
1291,date
697,cornnuts
698,crisped
704,skins
1266,klamath
1265,lily
1264,pond
1263,oregon
633,stomach
1444,nougats
1609,carbohydrate
583,concord
1583,acorns
1582,hulled
1576,excluding
1574,spirulina
1573,shallots
1566,waterchestnuts
1561,russet
1551,chives
1548,cassava
577,machine
580,boost
1518,dietetic
1512,classico
1506,herbal
1445,sunkist
1494,bush
589,ruby
1480,diced
1476,taquitos
1473,spelt
1472,khorasan
1471,kamut
1464,couscous
1463,cornstarch
1462,phosphorus
1452,packets
1450,granulated
625,chitterlings
1262,tuber
1261,wocas
717,fondant
1048,pimento
782,steelhead
786,leche
805,shaped
816,peppercorn
819,monterey
1083,unblanched
825,hain
833,whitener
1074,ferns
1073,fiddlehead
1064,jalapeno
1059,napa
1058,nopales
1042,catsup
1254,prairie
1038,fern
854,jujube
855,kiwifruit
878,jackfruit
998,solid
891,odwalla
990,kelp
976,crimini
909,filets
915,enhanced
954,pepeao
949,edamame
923,28
781,chokecherries
1121,budweiser
1122,pina
1128,toffee
1246,fireweed
721,peppermint
1225,pilaf
730,jelly
732,kit
1210,teff
1206,flours
1205,somen
1204,soba
738,oh
1198,triticale
1196,glutinous
747,schar
1184,nutri
749,perfect
1179,glaze
753,four
1171,genuine
756,mouse
1162,farley
1156,fluffy
763,ringed
1149,mousse
771,eyes
1143,chewing
773,willow
774,dumpling
1598,popsicle
2724,boar
1635,ls
534,watermelon
1646,frosty
1611,59
516,prune
557,candied
1700,unpeeled
1679,crinkle
1614,69
501,bay
1705,pine
1628,hush
1656,2006
1655,analyzed
1682,using
1619,pearled
1620,bulgur
1683,shoestring
527,mamey
562,tamarind
1670,raab
564,nance
1634,daddy
554,anjou
1610,45
1710,very
1637,edge
1645,jr
1695,breadnut
1629,puppies
2446,deluxe
2431,debbie
790,habichuelas
2432,nutty
788,negros
2433,ritz
2434,crusty
2435,bens
2436,boles
2495,fluoride
1131,mr
772,cheeks
1692,souffle
2430,mckee
2440,works
2441,mcnuggets
1133,grand
1132,goodbar
1740,stack
1130,mounds
1136,cups
2489,sterols
2428,krusteaz
2427,continental
2408,fume
2409,muller
2410,thurgau
2411,riesling
766,sourdock
770,head
2414,sprite
2415,burgundy
1749,tilsit
1690,harvard
2500,63
1142,whatchamacallit
1140,mints
2420,perrier
2421,poland
791,colorados
1139,eight
2423,windmill
2424,brownberry
1138,after
1137,rolo
2429,artificially
2449,boxed
2447,pats
2448,bowl
2493,aquafina
1743,fontina
2472,multipurpose
777,salmonberries
2474,49
2475,sprays
2476,flavoring
780,quadrant
1742,arby
2492,pepsi
2479,quality
2491,drinking
2480,degree
2481,intermediate
2482,grade
2483,icings
2484,confections
1694,crushed
2490,canada
2486,saturated
2487,squeeze
2470,avocado
2469,ucuhuba
2468,assu
2406,chenin
2488,plant
2450,pulled
2451,dogs
2452,roni
2453,anhydrous
2454,cheshire
1746,salut
2456,edam
2457,feta
1745,port
2467,cupu
2459,semisoft
1127,skor
2494,naya
2461,asadero
2462,chihuahua
2463,singles
1125,sunrise
1124,tequila
1693,wakame
1689,basella
1688,vinespinach
2405,claret
1766,people
2322,yachtwurst
2323,mesquite
2324,scrapple
2325,tootie
2326,fruities
1211,harina
2328,bagged
2329,redeye
1767,diabetes
70,torta
735,krackel
65,salvadorena
2404,sirah
1674,brine
2336,oops
1676,poi
737,halavah
1763,"fat,mixed"
2340,barbara
2341,puffins
1762,"fat,9"
739,henry
2344,goji
1194,ben
1212,maiz
1213,morado
1673,witloof
72,pastelitos
1229,packet
725,symphony
726,5th
1770,cotija
727,avenue
728,gumdrops
2301,ruffed
2302,grouse
83,rikis
2304,drums
82,moderna
1222,cross
80,sabrosas
2308,hoisin
1221,wedge
1672,kimchi
731,jellybeans
2312,specified
2313,luxury
79,gamesa
2315,thuringer
2316,cervelat
77,goya
742,mary
2348,muscadine
2349,groundcherries
2378,anti
2380,calories
2382,menthe
1685,year
757,seedlings
1163,butters
2386,fuze
1686,average
1161,ups
2389,flashin
1160,crocker
1159,betty
1687,tidbits
1155,heath
2394,kg
761,tipnuk
1152,tablets
1151,praline
795,arepa
2399,glaceau
2400,revive
2401,lemonada
2402,barbera
2403,zinfandel
2379,oxidants
2377,yumberry
2350,cape
2376,charged
2351,poha
743,gone
745,explosive
1760,sheep
1758,semi
752,six
1181,32
1180,nfsmi
1757,cup
1178,divinity
2362,power
2363,optima
2364,plantain
1177,sours
57,tostada
2368,confectioners
1174,refiner
2370,yucca
2371,dipps
2372,south
2373,beach
755,crosscut
2375,loaded
792,grandules
421,bulk
796,unleavened
2655,cytosport
2644,group
2645,terra
2646,zone
894,zespri
2648,go
2649,clif
2650,salty
2651,preformed
2652,drop
2653,guarana
2654,14028
895,sungold
1719,payday
2657,"kg,gerolsteiner"
2658,colored
983,wedges
2660,franc
901,jowl
2662,noir
2663,syrah
2664,lemberger
2665,sangiovese
2666,carignane
2667,gris
2643,celestial
2642,nutz
2641,luna
2640,rush
2617,pillow
2618,swisswurst
2619,coco
2620,roos
2621,dinosaur
2622,sam
2624,buzzers
2625,toasty
2626,zings
2627,toasters
2628,hexagons
2629,christmas
2630,incaparina
2631,halloween
889,gala
2633,slip
2634,such
1721,groat
991,laver
1708,thinly
989,irishmoss
892,superfood
2668,grigio
2670,semillon
2615,smokies
2710,propel
2699,grahams
2700,crunchies
959,chanterelle
2702,well
2703,53
2704,34
2705,municipal
2706,dasani
2707,calistoga
2708,crystal
2709,geyser
2711,lipton
2671,ale
2712,brisk
2714,dipped
951,escarole
950,endive
2717,brook
2718,state
1715,turbinado
1714,stickless
2722,serving
925,alfalfa
2698,inch
960,morel
2696,brownie
916,"fat,with"
2672,nestea
2673,muscat
2674,motts
1718,hersheys
912,rendered
2677,irish
969,bibb
2679,fruitcake
2680,shortcake
2681,trolley
2682,gingersnaps
2683,rusk
968,butterhead
2685,unsugared
2686,ca
2687,prop
2688,mince
2689,kaiser
2690,strudel
1717,stevia
2692,compressed
2693,active
2694,snaps
2616,wieners
2614,pimiento
797,bunuelos
2544,lebanon
1729,homestyle
2533,nog
2534,chai
846,preserved
1054,tomatillos
1053,radicchio
847,vital
1047,kosher
2541,chorizo
2542,knackwurst
2543,knockwurst
848,frog
1704,pilinuts
849,legs
2547,cheerios
2548,honeycomb
2549,vitaman
2550,tasteeos
2551,bursts
1727,forest
2553,morning
851,java
853,jambolan
1703,planters
1699,butternuts
1061,citronella
1063,pod
1698,brazilnuts
800,raised
804,star
811,grenadine
1696,chia
2293,straight
1737,lb
824,papad
1736,juicy
1735,dave
1734,ys
1079,sp
1078,sisymbrium
836,jellyfish
1733,wend
488,flake
1071,straw
1070,cloud
26,thomas
1069,fungi
2524,conch
1067,pasilla
2526,yokan
1066,hungarian
2557,fuls
2559,carissa
2613,peppered
2600,veggie
869,feijoa
870,asian
1706,pinyon
880,medjool
881,durian
884,clementines
885,guanabana
2596,cellophane
2597,extender
2598,tamari
495,concentrated
2601,burgers
2560,natal
2602,soyburgers
2603,chickpea
2604,besan
2605,wash
2606,raccoon
887,granny
2,layer
888,smith
2610,tabasco
2611,fin
2612,mortadella
868,sweetsop
866,roselle
865,rambutan
862,quinces
2561,cherimoya
2562,tostitos
2563,paratha
2564,bollilo
2566,mouvedre
2567,chardonnay
2568,oolong
2569,aloe
2570,vera
2571,amber
2572,generic
2573,minerals
2574,orchard
2575,throttle
2576,g2
2577,containing
856,kumquats
2579,caviar
2580,granular
2581,have
2582,been
2583,previously
857,limes
2294,phosphate
1244,gumboots
2292,aluminum
1981,starfruit
1514,cavatappi
1984,zante
1985,bullock
1986,deglet
1987,noor
1988,elderberries
433,midnight
1510,somiviki
1509,sakwavikaviki
1508,hohoysi
1823,roasters
306,kneel
1822,fryer
298,chilchen
1505,beaked
294,ash
292,mush
1502,pinon
1500,nettles
1499,stinging
2003,verde
2004,ray
1498,tennis
1982,crabapples
1980,carambola
2007,masterpiece
1515,parmigiana
1541,navels
1956,crunchberries
1540,valencias
1538,oheloberries
1959,quisp
1537,nectarines
1536,mulberries
320,spotted
317,silver
1535,balls
1534,honeydew
1533,mangos
1532,mammy
1531,loquats
1529,mixture
1826,foie
1521,hawaiian
1972,scooters
1973,swirl
1520,meatloaf
1519,sugarless
1977,west
581,goodness
2006,kc
2008,open
1953,headcheese
1483,man
276,tundra
1482,hungry
591,baobab
272,yane
2042,cafe
268,scoter
266,brined
1479,microwaveable
2046,liquor
1477,potsticker
257,owl
436,pressed
255,tunicate
1474,daily
254,oopah
440,lactose
1470,debranned
247,mashu
2058,evian
1467,durum
1466,pearl
2061,ion4
2062,merlot
2036,ginseng
278,laborador
2009,pit
1484,banquet
1496,huckleberries
1495,lingenberry
2012,frito
289,muktuk
559,rowal
1492,cockles
1491,cloudberries
1490,marrow
287,blubber
1489,blackfish
1488,polar
283,sitka
2022,thins
2023,marie
282,venison
2025,tonic
558,abiyuch
279,combination
2028,niacin
2029,pantothenic
1486,dean
1485,jimmy
2032,gamay
1954,alpha
1952,smokie
230,rehydrated
1585,beechnuts
1869,texas
1870,pete
1871,tuong
1872,ot
1874,gjetost
1875,gouda
1876,gruyere
1877,limburger
1878,neufchatel
1879,romano
566,lulo
1881,butterfat
1882,caseinate
1883,substitutes
1884,producer
365,del
1886,human
1581,hemp
571,fuji
1889,11g
1890,nugget
565,naranjilla
1575,radish
1868,cha
1586,coconuts
1894,ghee
1865,bistro
1607,twirl
1601,fudgsicle
389,lo
1600,splenda
1599,scribblers
387,pao
386,kung
385,tso
568,kiwano
1594,suet
1593,most
1591,roaster
1590,chosen
1855,sofrito
1589,unflavored
1588,hickorynuts
1858,masala
1859,moroccan
1860,thai
1861,vietnamese
1862,lemongrass
366,cerdo
1864,mezzetta
1893,clarified
1895,allspice
1951,cheesefurter
359,empanadas
1618,marmalades
1927,frames
1560,lesuer
1557,welsh
1555,scallions
576,mighty
1553,cilantro
1549,celtuce
1936,santa
1937,fe
1938,buitoni
1939,alfredo
1940,worcestershire
1547,shellie
1942,stroganoff
1546,chunks
1544,papayas
1945,berliner
1946,blood
1947,bockwurst
1543,tangerine
329,sheefish
1827,gras
1564,chilies
1923,ultra
1896,anise
1565,herbs
1897,chervil
1898,cloves
1900,fenugreek
1902,oregano
1903,paprika
1572,icicle
1571,eppaw
1568,watercress
1567,matai
1908,"margarine,spread"
1909,35
1910,39
1616,nfs
1912,tomatoseed
1913,teaseed
1914,lecithin
1915,babassu
1916,sheanut
1917,pam
1918,67
1919,enova
1920,diglycerides
1921,37
555,bosc
1461,citrate
723,nibs
2208,miso
184,goobers
1326,casaba
1325,cantaloupe
2213,extraction
180,sherbet
1323,mangosteen
1654,spicy
1321,loganberries
686,azucar
2220,okara
2222,falafel
1315,presweetened
1314,familia
1313,alpen
1789,whip
1309,fillets
2228,rojos
2229,volteados
1307,slices
691,focaccia
1788,miracle
1304,drops
692,flatbread
2209,natto
187,ruth
162,bit
684,salpora
1355,ear
2183,multiuse
2184,winterized
1354,jew
2186,clear
1353,jerusalem
1345,cornsalad
2189,typical
2190,basis
676,keikitos
2193,whiteners
2194,sauces
1342,hocks
678,bimbo
1339,pomegranates
1338,surinam
1337,pitanga
680,panque
1335,spiced
681,casero
1333,granadilla
683,ricura
1329,jumbo
1301,goddess
693,"schiff,tiger"
198,andrea
1259,piki
99,jerky
1256,hips
503,cane
2270,upside
1253,narrow
1252,cattail
2274,fig
2275,fortune
719,solitaires
2277,crispbread
1248,giant
1671,fuki
1245,devilfish
2281,crullers
1840,conventional
1243,leathery
1242,chiton
2285,phyllo
1240,flipper
1771,sharp
1238,tunughnak
1237,ascidians
722,pattie
715,caramello
504,snail
694,toblerone
507,lemons
526,sapote
1296,restructured
2241,opossum
1295,guar
1294,locust
525,sapodilla
1785,tarragon
517,pummelo
1783,saffron
1288,weetabix
1782,cayenne
699,smucker
1284,lasagne
122,combed
700,magic
1781,marjoram
705,combos
709,both
712,tootsie
1267,badufsuki
1780,mace
1778,cumin
1777,cardamom
1356,kanpyo
202,crunchmaster
1458,treats
1431,raisinets
1429,truffles
1428,gold
1801,grapeseed
1800,commerce
1425,bud
647,81
658,grands
1799,primary
1416,smoke
1413,stone
661,watcher
1410,coat
2112,lox
1409,chemically
1408,unroasted
1407,maitake
1406,tannier
1405,yautia
1404,malabar
1403,epazote
1402,chowchow
1401,ancho
1400,serrano
1430,brittle
1432,minis
2124,tinkyada
646,cure
1457,krispies
602,be
2071,b2
2072,b3
1455,taffy
1454,cruncher
2075,horchata
2076,served
605,backfat
474,sake
2079,thiamin
2080,hibiscus
606,belly
1446,munch
548,bartlett
535,maraschino
1805,benecol
1440,reesesticks
1439,nutrageous
1804,stability
1436,gelatins
1803,natreon
2095,gefiltefish
662,interstate
2125,ancient
2178,agent
2153,omelet
2155,anejo
1795,approx
1369,"convolvulus,raw"
528,soursop
2159,reddi
2160,wip
2161,seco
2162,fresco
2163,blanco
2164,turmeric
2165,capers
1367,sauerkraut
2167,balsamic
2168,sazon
2169,annatto
1361,crisphead
1360,iceberg
1359,romaine
2173,fractionated
1358,cos
2175,grease
2176,mid
2177,antifoaming
2154,poached
2152,uncreamed
2126,extravaganzza
2151,camembert
2127,feast
215,rudi
1398,arugula
1395,enoki
664,corp
1382,stored
665,wonder
1380,freshly
2136,rounds
2137,miniature
530,tamarinds
1796,65
668,snackwell
2141,tortellini
2142,carne
1374,stalks
2144,bowls
2145,entrees
1373,clusters
669,devil
2148,content
2149,brick
2150,brie
1712,mint
